Workbook

Sheet 화면 점검 체크리스트
A1: No | B1: 구분 | C1: 페이지 | D1: URL | E1: 담당자 | F1: 문제점 / 할 일 | G1: 우선순위 | H1: 완료여부 | I1: 비고
A2: 1 | B2: 대시보드 | C2: 메인 대시보드 | D2: /dashboard/ | E2: 이성현(초기)·각자 | F2: 시연 시나리오 부분 삭제 또는 최신화 | G2: 필수
A3: 2 | B3: 대시보드 | C3: 메인 대시보드 | D3: /dashboard/ | E3: 이성현(초기)·각자 | F3: AI 예측 가스/전력 위험 도달 예상시간 하드코딩 수정 | G3: 필수
A4: 3 | B4: 대시보드 | C4: 메인 대시보드 | D4: /dashboard/ | E4: 이성현(초기)·각자 | F4: 이벤트 현황에 공지사항 연동 | G4: 필수
A5: 4 | B5: 대시보드 | C5: 메인 대시보드 | D5: /dashboard/ | E5: 이성현(초기)·각자 | F5: 실시간 모니터링 작업자 연동 움직임 재확인 | G5: 개선
A6: 5 | B6: 대시보드 | C6: 나의 프로필 | D6: /dashboard/profile/ | E6: 최재용 | F6: 비밀번호 변경 가능, 화면설계서대로 구성됨 (완료) | G6: 완료 | H6: 완료
A7: 6 | B7: 대시보드 | C7: 나의 프로필 | D7: /dashboard/profile/ | E7: 최재용 | F7: UI 개선 - 프로필 관련 기능 추가 검토 | G7: 고도화
A8: 7 | B8: 대시보드 | C8: 나의 프로필 | D8: /dashboard/profile/ | E8: 최재용 | F8: 직급별 공지사항 체크 등 부가기능 아이디어 | G8: 고도화
A9: 8 | B9: 대시보드 | C9: 안전 확인 체크리스트 | D9: /dashboard/safety/checklist/ | E9: 최재용 | F9: 연동 확인됨. 체크리스트 내용 의미있게 수정 | G9: 개선
A10: 9 | B10: 대시보드 | C10: VR 교육 | D10: /dashboard/safety/vr | E10: 최재용 | F10: 비디오 연동 안됨 (운영환경 변경으로 미적용 추정) | G10: 필수
A11: 10 | B11: 대시보드 | C11: 안전 확인 이력 | D11: /dashboard/safety/history/ | E11: 최재용 | F11: 출퇴근 model 없어 임시방편 처리됨 - 정식 모델 검토 | G11: 개선
A12: 11 | B12: 대시보드 | C12: 안전 확인 이력 | D12: /dashboard/safety/history/ | E12: 최재용 | F12: 출퇴근 기준 = 안전확인 완료 시에만 (현 상태 확인) | G12: 개선
A13: 12 | B13: 대시보드 | C13: 안전 확인 이력 | D13: /dashboard/safety/history/ | E13: 최재용 | F13: UI 강조성 부족 (다운로드·인쇄는 작동) | G13: 개선
A14: 13 | B14: 대시보드 | C14: 실시간 모니터링 | D14: /dashboard/monitoring/realtime/ | E14: 이성현 | F14: 하드코딩 되어있는 페이지 수정 | G14: 필수
A15: 14 | B15: 대시보드 | C15: 실시간 모니터링 | D15: /dashboard/monitoring/realtime/ | E15: 이성현 | F15: UI 측면 개선 필요 | G15: 개선
A16: 15 | B16: 대시보드 | C16: 유해가스 현황 | D16: /dashboard/monitoring/gas/ | E16: 정휘훈 | F16: 센서 목록 기능 양호 (전력쪽도 동일 적용 예정) | G16: 완료 | H16: 완료
A17: 16 | B17: 대시보드 | C17: 유해가스 현황 | D17: /dashboard/monitoring/gas/ | E17: 정휘훈 | F17: 그래프 2차 디자인 적용 완료 | G17: 완료 | H17: 완료
A18: 17 | B18: 대시보드 | C18: 유해가스 현황 | D18: /dashboard/monitoring/gas/ | E18: 정휘훈 | F18: AI 예측 그래프 미구현 | G18: 필수
A19: 18 | B19: 대시보드 | C19: 유해가스 현황 | D19: /dashboard/monitoring/gas/ | E19: 정휘훈 | F19: 제목 폰트 크기 수정 | G19: 개선
A20: 19 | B20: 대시보드 | C20: 스마트 전력 현황 | D20: /dashboard/monitoring/power/ | E20: 최재용 | F20: 가스쪽 센서 목록 기능 없음 - 추가 검토 | G20: 개선
A21: 20 | B21: 대시보드 | C21: 스마트 전력 현황 | D21: /dashboard/monitoring/power/ | E21: 최재용 | F21: 재가동 버튼 - 버튼만 구현됨. 삭제 또는 미구현 표기 | G21: 필수
A22: 21 | B22: 대시보드 | C22: 스마트 전력 현황 | D22: /dashboard/monitoring/power/ | E22: 최재용 | F22: AI 예측 그래프 미적용 (가스와 동일) | G22: 필수
A23: 22 | B23: 대시보드 | C23: 스마트 전력 현황 | D23: /dashboard/monitoring/power/ | E23: 최재용 | F23: 하단 실시간 예측 내용 정리 안됨 | G23: 개선
A24: 23 | B24: 대시보드 | C24: 작업자 현황 | D24: /dashboard/monitoring/workers/ | E24: 최재용 | F24: DB 유저 리스트 목록 연동 완료 | G24: 완료 | H24: 완료
A25: 24 | B25: 대시보드 | C25: 작업자 현황 | D25: /dashboard/monitoring/workers/ | E25: 최재용 | F25: 연락처 하이퍼링크 처리 안됨 | G25: 개선
A26: 25 | B26: 대시보드 | C26: 작업자 현황 | D26: /dashboard/monitoring/workers/ | E26: 최재용 | F26: 작업자 위험현황↔위치 모니터링 연동 안됨, 알림 전송 미구현 | G26: 필수
A27: 26 | B27: 대시보드 | C27: 이벤트 현황 | D27: /dashboard/monitoring/events/ | E27: 정휘훈 | F27: 제목 폰트 크기 수정 필요 | G27: 개선
A28: 27 | B28: 대시보드 | C28: 이벤트 현황 | D28: /dashboard/monitoring/events/ | E28: 정휘훈 | F28: 페이지네이션 미적용 (조치완료 부분) | G28: 필수
A29: 28 | B29: 대시보드 | C29: 이벤트 현황 상세 | D29: /dashboard/monitoring/events/id/ | E29: 정휘훈·최재용 | F29: 연관 작업자 설정 안되어 연동 안됨 | G29: 필수
A30: 29 | B30: 대시보드 | C30: 이벤트 현황 상세 | D30: /dashboard/monitoring/events/id/ | E30: 정휘훈·최재용 | F30: 공지사항이 이벤트 상세에 잘못 적용됨 - 확인 | G30: 필수
A31: 30 | B31: 공통 | C31: 공통 - 권한/모달 | D31: 전체 | E31: 전체 | F31: 접근 권한 없는 계정 페이지 전부 적용되는지 확인 | G31: 필수
A32: 31 | B32: 공통 | C32: 공통 - 권한/모달 | D32: 전체 | E32: 전체 | F32: 모달 외각 클릭 시 작성중 내용 사라지는 페이지 존재 - 수정 | G32: 필수
A33: 32 | B33: 관리자 | C33: 사용자 관리 | D33: /admin-panel/accounts-management/ | E33: 최재용 | F33: 등록·수정 시 주석문 보이는 내용 수정 | G33: 개선
A34: 33 | B34: 관리자 | C34: 사용자 관리 | D34: /admin-panel/accounts-management/ | E34: 최재용 | F34: 비밀번호 초기화 모달 디자인 수정 | G34: 개선
A35: 34 | B35: 관리자 | C35: 사용자 관리 | D35: /admin-panel/accounts-management/ | E35: 최재용 | F35: 완료버튼 클릭 시 확인 모달 없음 | G35: 필수
A36: 35 | B36: 관리자 | C36: 조직 관리 | D36: /admin-panel/organizations/ | E36: 최재용 | F36: 겸직 개념 엉성 - 신청 없이 2개 이상 겸직되는 구조 (향후 리스크) | G36: 개선
... A64: 63 | B64: 관리자 | C64: 임계치 기준 관리 | D64: /admin-panel/thresholds/ | E64: 정휘훈 | F64: 내용 점검 필요 (메모 미작성) | G64: 개선

Sheet 요약
A1: 담당자별 / 우선순위별 집계
A3: 담당자 | B3: 필수 | C3: 개선 | D3: 고도화 | E3: 완료 | F3: 합계
A4: 최재용 | B4: =COUNTIFS('화면 점검 체크리스트'!$E$2:$E$64,"*"&A4&"*",'화면 점검 체크리스트'!$G$2:$G$64,"필수") -> 14 | C4: =COUNTIFS('화면 점검 체크리스트'!$E$2:$E$64,"*"&A4&"*",'화면 점검 체크리스트'!$G$2:$G$64,"개선") -> 10 | D4: =COUNTIFS('화면 점검 체크리스트'!$E$2:$E$64,"*"&A4&"*",'화면 점검 체크리스트'!$G$2:$G$64,"고도화") -> 2 | E4: =COUNTIFS('화면 점검 체크리스트'!$E$2:$E$64,"*"&A4&"*",'화면 점검 체크리스트'!$G$2:$G$64,"완료") -> 2 | F4: =SUM(B4:E4) -> 28
A5: 정휘훈 | B5: =COUNTIFS('화면 점검 체크리스트'!$E$2:$E$64,"*"&A5&"*",'화면 점검 체크리스트'!$G$2:$G$64,"필수") -> 7 | C5: =COUNTIFS('화면 점검 체크리스트'!$E$2:$E$64,"*"&A5&"*",'화면 점검 체크리스트'!$G$2:$G$64,"개선") -> 8 | D5: =COUNTIFS('화면 점검 체크리스트'!$E$2:$E$64,"*"&A5&"*",'화면 점검 체크리스트'!$G$2:$G$64,"고도화") -> 2 | E5: =COUNTIFS('화면 점검 체크리스트'!$E$2:$E$64,"*"&A5&"*",'화면 점검 체크리스트'!$G$2:$G$64,"완료") -> 2 | F5: =SUM(B5:E5) -> 19
A6: 이성현 | B6: =COUNTIFS('화면 점검 체크리스트'!$E$2:$E$64,"*"&A6&"*",'화면 점검 체크리스트'!$G$2:$G$64,"필수") -> 4 | C6: =COUNTIFS('화면 점검 체크리스트'!$E$2:$E$64,"*"&A6&"*",'화면 점검 체크리스트'!$G$2:$G$64,"개선") -> 5 | D6: =COUNTIFS('화면 점검 체크리스트'!$E$2:$E$64,"*"&A6&"*",'화면 점검 체크리스트'!$G$2:$G$64,"고도화") -> 0 | E6: =COUNTIFS('화면 점검 체크리스트'!$E$2:$E$64,"*"&A6&"*",'화면 점검 체크리스트'!$G$2:$G$64,"완료") -> 0 | F6: =SUM(B6:E6) -> 9
A7: [미정] | B7: =COUNTIFS('화면 점검 체크리스트'!$E$2:$E$64,"*"&A7&"*",'화면 점검 체크리스트'!$G$2:$G$64,"필수") -> 2 | C7: =COUNTIFS('화면 점검 체크리스트'!$E$2:$E$64,"*"&A7&"*",'화면 점검 체크리스트'!$G$2:$G$64,"개선") -> 5 | D7: =COUNTIFS('화면 점검 체크리스트'!$E$2:$E$64,"*"&A7&"*",'화면 점검 체크리스트'!$G$2:$G$64,"고도화") -> 0 | E7: =COUNTIFS('화면 점검 체크리스트'!$E$2:$E$64,"*"&A7&"*",'화면 점검 체크리스트'!$G$2:$G$64,"완료") -> 0 | F7: =SUM(B7:E7) -> 7
A8: 총계 | B8: =SUM(B4:B7) -> 27 | C8: =SUM(C4:C7) -> 28 | D8: =SUM(D4:D7) -> 4 | E8: =SUM(E4:E7) -> 4 | F8: =SUM(F4:F7) -> 63
